ARIMA_Order,RMSE,R2,MAPE
"(1, 1, 0)",36.339210902791436,0.9909239830521552,0.5739194083163841
"(1, 1, 1)",36.35348536688027,0.9909168513219838,0.5766827520522605
