RMSE,MAPE,R2
0.03372125700589016,3.701736770190663,0.9491183958487182
