RMSE,MAPE,R2
0.02454363238865745,2.724614943830981,0.9741001798111626
